,2025,2030,2035,2040,2045,2050,product,scenario_new,baseline,Units
0,0.0,-48.141029670920034,-5405.942472829667,-12508.378279747201,-1590.0500758045164,-2879.419275903332,BECCS,45Q-2040,high,Million 2025$USD/yr
1,0.0,0.0,0.0,0.0,0.0,0.0,BECCS subsidy,45Q-2040,high,Million 2025$USD/yr
2,-13.527341278246695,-0.6566152587083707,4229.094211374422,9906.346434369505,-748.9466149374275,-3514.1656175223907,DAC,45Q-2040,high,Million 2025$USD/yr
3,6.395746473849613,35.038559650602565,9407.18698457073,26233.26148034795,0.0,0.0,DAC subsidy,45Q-2040,high,Million 2025$USD/yr
4,-4.290475984984994,0.9179541711959587,-1596.4174447861187,-4756.541162117679,338.27810877296724,213.8379497539063,OEW,45Q-2040,high,Million 2025$USD/yr
5,0.0,0.0,0.0,0.0,0.0,0.0,OEW subsidy,45Q-2040,high,Million 2025$USD/yr
6,-1.6532157076670089,3.891881561087075,-1882.32634546749,-6914.919075519679,-186.78098325809697,-1888.6094460253662,TEW,45Q-2040,high,Million 2025$USD/yr
7,0.0,0.0,0.0,0.0,0.0,0.0,TEW subsidy,45Q-2040,high,Million 2025$USD/yr
0,-13.075286497049085,-8.949249546742806,4751.594932861876,11959.769397332893,-2187.4995652270736,-8068.356389697183,,,,
